{
  "id": "bretenwalda",
  "title": "Bretenwalda",
  "description": "Custom ACKS II version for Bretenwalda Grand Campaign for FoundryVTT",
  "authors": [
    {
      "name": "Snarls-at-Fleas",
      "discord": "snarlsatfleas"
    }    
  ],
  "url": "Replace this with a link to your public repository",
  "license": "LICENSE.txt",
  "readme": "README.md",
  "bugs": "Replace this with a link to file issues or tickets",
  "changelog": "CHANGELOG.md",
  "media": [
    {
      "type": "setup",
      "url": "systems/bretenwalda/assets/anvil-impact.png",
      "thumbnail": "systems/bretenwalda/assets/anvil-impact.png"
    }
  ],
  "version": "0.0.1",
  "compatibility": {
    "minimum": 13,
    "verified": "13.350"
  },
  "esmodules": ["module/bretenwalda.mjs"],
  "styles": ["css/bretenwalda.css"],
  "languages": [
    {
      "lang": "en",
      "name": "English",
      "path": "lang/en.json"
    },
    {
      "lang": "ru",
      "name": "Русский",
      "path": "lang/ru.json"
    }
  ],
  "packs": [],
  "packFolders": [],
  "socket": false,
  "manifest": "Replace this with a link to the /latest release system.json so people can receive updates after they've installed the system",
  "download": "This must link to a .zip file of the current version",
  "background": "systems/bretenwalda/assets/anvil-impact.png",
  "gridDistance": 5,
  "gridUnits": "ft",
  "primaryTokenAttribute": "health",
  "secondaryTokenAttribute": "power"
}
